muestra,rho_b,phi,theta,Se
A2,1.3486153257834843,0.4910885563081191,0.19200452334606247,0.3909773927323911
B2,1.5686311191137203,0.4080637286363319,0.3478490436216465,0.8524380365392656
C2,1.979123548336337,0.2531609251560992,0.1731605780839821,0.6839940957602804
D2,2.249559627638085,0.15110957447619422,0.13547268755982142,0.8965195490055712
